{
  "accuracy": 0.9415094339622642,
  "precision_macro": 0.9371529741901039,
  "recall_macro": 0.9368203596916468,
  "f1_macro": 0.9369507699457412,
  "confusion_matrix": [
    [
      174,
      2,
      0,
      4,
      2,
      0
    ],
    [
      0,
      214,
      1,
      0,
      8,
      2
    ],
    [
      0,
      2,
      136,
      1,
      0,
      1
    ],
    [
      4,
      1,
      0,
      189,
      0,
      2
    ],
    [
      1,
      3,
      3,
      4,
      198,
      7
    ],
    [
      3,
      2,
      2,
      1,
      6,
      87
    ]
  ],
  "class_names": [
    "cardboard",
    "glass",
    "metal",
    "paper",
    "plastic",
    "trash"
  ]
}