{
  "accuracy": 0.9433962264150944,
  "precision_macro": 0.9344073348379202,
  "recall_macro": 0.938542262127835,
  "f1_macro": 0.9362101008751722,
  "confusion_matrix": [
    [
      176,
      0,
      2,
      4,
      0,
      0
    ],
    [
      0,
      215,
      3,
      0,
      4,
      3
    ],
    [
      0,
      0,
      136,
      1,
      2,
      1
    ],
    [
      4,
      0,
      1,
      188,
      1,
      2
    ],
    [
      1,
      1,
      3,
      4,
      198,
      9
    ],
    [
      3,
      0,
      3,
      4,
      4,
      87
    ]
  ],
  "class_names": [
    "cardboard",
    "glass",
    "metal",
    "paper",
    "plastic",
    "trash"
  ]
}