{
  "accuracy": 0.9084905660377358,
  "precision_macro": 0.8986191735184486,
  "recall_macro": 0.9078679909243322,
  "f1_macro": 0.9024473847972857,
  "confusion_matrix": [
    [
      170,
      1,
      1,
      7,
      2,
      1
    ],
    [
      1,
      205,
      3,
      1,
      11,
      4
    ],
    [
      2,
      0,
      129,
      1,
      3,
      5
    ],
    [
      5,
      0,
      2,
      183,
      0,
      6
    ],
    [
      2,
      5,
      7,
      5,
      187,
      10
    ],
    [
      2,
      0,
      1,
      2,
      7,
      89
    ]
  ],
  "class_names": [
    "cardboard",
    "glass",
    "metal",
    "paper",
    "plastic",
    "trash"
  ]
}