{
  "accuracy": 0.8971698113207547,
  "precision_macro": 0.8836548239690419,
  "recall_macro": 0.8881529343846647,
  "f1_macro": 0.8855775069565749,
  "confusion_matrix": [
    [
      170,
      1,
      1,
      6,
      2,
      2
    ],
    [
      1,
      203,
      5,
      2,
      8,
      6
    ],
    [
      1,
      2,
      130,
      0,
      4,
      3
    ],
    [
      6,
      1,
      3,
      178,
      1,
      7
    ],
    [
      2,
      4,
      5,
      3,
      193,
      9
    ],
    [
      4,
      1,
      5,
      4,
      10,
      77
    ]
  ],
  "class_names": [
    "cardboard",
    "glass",
    "metal",
    "paper",
    "plastic",
    "trash"
  ]
}