{
  "accuracy": 0.9122641509433962,
  "precision_macro": 0.9015424985219035,
  "recall_macro": 0.9069291776116387,
  "f1_macro": 0.9036754023678144,
  "confusion_matrix": [
    [
      169,
      0,
      2,
      8,
      2,
      1
    ],
    [
      0,
      207,
      5,
      1,
      8,
      4
    ],
    [
      0,
      1,
      134,
      0,
      2,
      3
    ],
    [
      5,
      0,
      2,
      186,
      1,
      2
    ],
    [
      3,
      1,
      5,
      6,
      189,
      12
    ],
    [
      3,
      1,
      2,
      6,
      7,
      82
    ]
  ],
  "class_names": [
    "cardboard",
    "glass",
    "metal",
    "paper",
    "plastic",
    "trash"
  ]
}